date,PM2.5,PM10,NO2
2023-01-01,22.483570765056164,22.173017779079743,23.536837198997823
2023-01-02,19.308678494144075,33.26602204571577,19.0463568205349
2023-01-03,23.23844269050346,16.379331166097277,20.93633585136694
2023-01-04,27.61514928204013,38.23324509860515,29.120048830944267
2023-01-05,18.829233126383322,33.780779859304346,36.689331530459846
2023-01-06,18.8293152152541,32.048237874511,27.762700708760867
2023-01-07,27.896064077536955,37.861527871564114,16.62881856575371
2023-01-08,23.837173645764544,43.32379555570061,28.112218677540984
2023-01-09,17.65262807032524,38.11496052014505,33.37642040651956
2023-01-10,22.712800217929825,15.273006149346838,20.731519669764324
2023-01-11,17.682911535937688,19.763384266114386,24.061879833289577
2023-01-12,17.671351232148716,25.00145137843457,25.10281736310438
2023-01-13,21.20981135783017,30.20872840168667,19.50571180842432
2023-01-14,10.43359877671101,34.14127216375299,29.537963036907012
2023-01-15,11.375410837434837,24.194049494772276,24.15336295974553
2023-01-16,17.188562353795135,31.494134115816628,27.936727107349196
2023-01-17,14.93584439832788,23.95693654117342,18.7875547553853
2023-01-18,21.571236662976368,25.107857576064415,21.937791897736126
2023-01-19,15.459879622393945,18.74671122521422,30.0566695047944
2023-01-20,12.938481493323543,22.614134031112766,22.39016793535763
2023-01-21,27.32824384460777,19.18652315506933,37.088746958633834
2023-01-22,18.871118497567323,22.193013976181337,22.202546700697784
2023-01-23,20.33764102343962,38.42913437286272,26.572793080263203
2023-01-24,12.876259068932717,22.404808889344455,31.52813582311163
2023-01-25,17.278086377374088,51.05905651869912,15.071439869468778
2023-01-26,20.55461294854933,33.946543207047114,12.67433831613457
2023-01-27,14.245032112888486,31.47868898955899,14.320405798009336
2023-01-28,21.87849009172836,23.13313775855029,33.838088723990275
2023-01-29,16.996806550405974,35.602479035271934,21.136992978752872
2023-01-30,18.541531251033618,25.39489739009781,42.90739499967776
2023-01-31,16.991466938853016,30.976078517162893,21.05026680939828
2023-02-01,29.261390922544688,50.48067630615036,26.291859122379257
2023-02-02,19.93251387631033,29.2315208022028,35.79476966797513
2023-02-03,14.711445355220498,39.194186610285406,39.04265021711386
2023-02-04,24.112724560515943,24.3745885989929,39.43052503645478
2023-02-05,13.895781750144888,29.720092076024308,33.458563614152
2023-02-06,21.044317975023777,44.16640508508408,32.168437680680235
2023-02-07,10.201649380601122,24.98426353769786,29.147688644408284
2023-02-08,13.359069755507846,44.49958846397543,30.448527533166462
2023-02-09,20.984306179345616,35.662015483643806,21.141699985700267
2023-02-10,23.692332899977053,25.50026579284586,19.272607816043852
2023-02-11,20.85684140594985,35.05926191244417,24.976378798123335
2023-02-12,19.421758588058797,37.78043559701384,23.8087076423255
2023-02-13,18.494481522053555,34.97447969773757,21.827403654709073
2023-02-14,12.607390048162863,17.43820224087635,29.874712132197008
2023-02-15,16.400778958026457,24.182902593401053,31.687136459993575
2023-02-16,17.696806145201062,28.019850915587963,25.61884820404293
2023-02-17,25.285611131094576,29.40453256719963,35.34271056738683
2023-02-18,21.71809144784231,34.96537678040542,17.008176201065464
2023-02-19,11.18479922318633,31.42160800746603,23.644383785041974
2023-02-20,21.620419846973974,19.31724513031919,19.982243755780367
2023-02-21,18.074588597918417,33.04158280804771,11.93424368048858
2023-02-22,16.615389998470206,34.88468596227059,24.421235199101105
2023-02-23,23.05838144420434,34.478323583448315,24.147767441317015
2023-02-24,25.154997612479754,38.64624580443697,35.59414820269492
2023-02-25,24.656400595580994,36.67137723639123,29.415681791883443
2023-02-26,15.803912383886807,33.6734406338275,17.830692229695565
2023-02-27,18.453938120743928,29.438674308330825,37.978647964339316
2023-02-28,21.65631715701782,16.71231253187207,33.54723586867747
2023-03-01,24.877725635611796,33.436945753060684,29.07468392428031
2023-03-02,17.60412881077355,31.66150149730489,23.414611308051178
2023-03-03,19.071705116680914,32.17263069756299,18.283925342935643
2023-03-04,14.468325129969859,19.786011393437526,22.39455256750263
2023-03-05,14.018966879596647,21.3515476767339,32.6212403379293
2023-03-06,24.062629111970992,38.42522282666323,38.19210414154226
2023-03-07,26.781200142854114,29.68355876914676,35.80270469790533
2023-03-08,19.63994939209833,35.452005578980994,21.57805404749608
2023-03-09,25.01766448946012,30.22654700904369,17.162677966976922
2023-03-10,21.80818012523817,30.23804911596596,25.986203728378428
2023-03-11,16.77440122697438,37.50627044780798,12.620924441060039
2023-03-12,21.80697802754207,25.87164217426101,27.26217399929347
2023-03-13,27.690182832329846,30.76896621552787,23.96678189590932
2023-03-14,19.820869804450243,26.30179769035966,21.737744486922303
2023-03-15,27.82321827907003,26.524030180541477,13.837078529132432
2023-03-16,6.901274479551278,27.526623012250884,28.595200745988016
2023-03-17,24.10951252187612,31.777070173069703,21.27109412236662
2023-03-18,20.435235341190857,26.17001102669218,16.810582150027983
2023-03-19,18.504963247670663,40.04604900458817,8.0
2023-03-20,20.45880388267751,22.84314158224397,24.807395664645547
2023-03-21,10.062155426995536,28.50502684670913,37.40576117668821
2023-03-22,18.90164056081244,26.4821515338066,36.62881450183509
2023-03-23,21.78556285755873,41.57582307482986,21.8003262038961
2023-03-24,27.38947022370758,31.572438212092596,20.784515577467538
2023-03-25,17.40864890863176,38.25475631574908,28.281419792525167
2023-03-26,15.957531985534061,18.115517015704224,18.01130192568196
2023-03-27,17.491214782077318,32.13640212695407,27.112543298736263
2023-03-28,24.57701058851037,37.117046364987495,30.362561948692832
2023-03-29,21.643755548298422,30.658271914203393,33.58853256719016
2023-03-30,17.351198981164806,38.52384300052281,24.29892146464033
2023-03-31,22.56633716556678,25.861692399197022,23.57428374876124
2023-04-01,20.4853877467402,41.27477952148464,18.85412189270407
2023-04-02,24.843224952664446,48.391184988954,19.21183752172098
2023-04-03,16.489734530613237,27.097291516482727,23.414647756689313
2023-04-04,18.361689267011158,26.435979828793826,27.571558547713245
2023-04-05,18.039459234339212,41.627075816941606,31.395092383632747
2023-04-06,12.682425259339407,42.6365771658457,19.377747345237587
2023-04-07,21.48060138532288,25.817119782773855,35.44881998271665
2023-04-08,21.305276360899448,26.63850546323314,23.102134792702017
2023-04-09,20.025567283212304,27.74572312911594,24.850428939560945
2023-04-10,18.827064333124266,19.244395911725782,19.769518245965237
2023-04-11,12.92314628974793,22.650784428126414,8.03031817808941
2023-04-12,17.896773386173205,21.96687386598346,31.18831777452735
2023-04-13,18.286427417366152,23.85761947916697,30.157907279647034
2023-04-14,15.988613653891905,29.72252090090575,23.030707100172506
2023-04-15,19.193571441669953,31.873717860292167,25.468935020574104
2023-04-16,22.020254284072692,42.40400394251262,28.611574523928695
2023-04-17,29.43092950605265,22.013167674089672,14.0621790017942
2023-04-18,20.872889064159196,37.87457918781267,21.296631258575935
2023-04-19,21.28775195361382,28.288089246195927,30.55985275735279
2023-04-20,19.627770421169163,29.604290322780535,16.219974037815255
2023-04-21,10.406143923504793,35.39855593733283,27.054905525166404
2023-04-22,19.867430622753915,21.01822382750161,15.503927367636164
2023-04-23,20.301151049705133,33.059277969472404,28.265009877034686
2023-04-24,32.316210562426434,31.33161766570445,24.750509623917615
2023-04-25,19.038195176094387,33.939610112065196,13.694077288661434
2023-04-26,21.507736711668063,32.31334915126254,33.1531754812002
2023-04-27,19.826441151473784,49.64240111928716,19.857858962413655
2023-04-28,14.156609811902339,24.898080125989473,19.328232940899333
2023-04-29,25.714114072575104,25.75202435998546,26.4039843806166
2023-04-30,23.759665163433873,25.014875788601884,33.040461446001004
2023-05-01,23.955159735215233,25.556183046717962,17.88924726715122
2023-05-02,15.453062726026305,24.90090298154786,25.4317589489358
2023-05-03,27.013971554680495,39.51213224886041,28.00171550231401
2023-05-04,12.990744686038596,41.36403398391884,29.85173925084201
2023-05-05,22.934285469001352,25.43402965000419,26.235090886940576
2023-05-06,30.952278129049894,23.34115541516617,22.430805126416743
2023-05-07,15.047318374346558,33.77132445109123,19.206868455458963
2023-05-08,17.16851135198614,25.58221564575223,25.603007181324624
2023-05-09,20.498256825438204,35.063454542044084,17.495026916100752
2023-05-10,17.482621729419005,31.623384166810396,8.0
2023-05-11,12.246682844669337,17.874047080022144,28.055918629103676
2023-05-12,20.342814874030136,42.38004161064049,31.32754388760337
2023-05-13,14.688481431369475,44.36702138476417,8.459472951207132
2023-05-14,22.36796215317591,25.09769047612491,17.931885067030436
2023-05-15,15.402878828830985,26.898387520512127,29.334079827036383
2023-05-16,27.749672025087698,32.28692312579924,39.40246828798189
2023-05-17,16.083733538318814,32.675654319896196,25.145555953727854
2023-05-18,18.38969241897162,35.26835418138264,19.903979411396058
2023-05-19,24.067586086848348,46.0816363101308,23.71972491226612
2023-05-20,13.845678417830225,28.584422180047603,34.62413493403729
2023-05-21,21.137299673020646,23.61362204369237,20.478250746128253
2023-05-22,26.53571377141214,18.965446175883784,19.405655953448225
2023-05-23,11.962583827193862,24.15255968046465,21.620795344725774
2023-05-24,20.92316929266152,29.73498421700962,18.326699742189014
2023-05-25,21.299413971242117,44.356462908142305,25.858692211963568
2023-05-26,23.90911435888655,25.85910960771063,36.37274920928692
2023-05-27,13.81524644560959,31.79030361311119,27.261554911812205
2023-05-28,13.397716934578618,29.868616831417985,23.233525485115987
2023-05-29,22.60970782808449,39.507146187584674,22.957321117591192
2023-05-30,21.48492336616593,50.21545940698897,14.0576643391234
2023-05-31,21.252464251729382,25.753049816637436,31.181768440030112
2023-06-01,21.732241047484877,26.084484459854224,24.455139620910387
2023-06-02,16.599876392107547,38.35328701655258,23.73664060486562
2023-06-03,21.161268485805017,35.45513191701049,47.35175297491402
2023-06-04,21.465362366493405,44.77365860588827,27.091270358559804
2023-06-05,16.42824290986816,34.67142548260771,19.737462649333708
2023-06-06,29.328872555723784,27.125663273703523,22.015496826561197
2023-06-07,22.36916460455894,34.725238645538475,33.039119964377285
2023-06-08,14.043482513986756,38.869628644663266,25.79289287376435
2023-06-09,23.28276804316915,36.56385744957891,14.932054151778432
2023-06-10,15.126591648863393,34.05819224885838,31.434602542026425
2023-06-11,23.93542301871226,38.53339751671323,20.322991401227043
2023-06-12,25.79297789503702,39.35436472356538,38.113084433522815
2023-06-13,15.896588408241447,41.05727192830022,32.56033646000254
2023-06-14,24.81688064622161,35.18967910071714,21.868746730388743
2023-06-15,22.06390463468249,28.663055357465165,33.96711453214579
2023-06-16,24.11030079997245,31.17370949146658,25.474988573691824
2023-06-17,29.483964913269737,39.65207173206686,30.969415725855537
2023-06-18,18.773059419985646,23.464514632102112,28.393129721061324
2023-06-19,16.23131917821255,32.94938647098321,19.075503415063885
2023-06-20,15.552427851872384,26.853289501381113,20.495151173777767
2023-06-21,15.920948575172808,30.22995858347854,32.20972572306813
2023-06-22,19.614491452929478,40.22761490085839,22.656572675254214
2023-06-23,21.70575987408322,31.528792544159227,22.174460757306022
2023-06-24,21.383453996650097,30.37149238524919,18.314141944554528
2023-06-25,24.13591624518012,19.121150872160648,27.96519345915423
2023-06-26,20.065009459389536,35.97002852821777,39.43767443470202
2023-06-27,27.267670385786584,35.1638734491286,17.52726960022009
2023-06-28,18.67671583381022,47.30603778644368,25.169536196709306
2023-06-29,33.600845832948096,27.537774120375992,34.88554388790801
2023-06-30,23.12833673882503,31.753202621311512,24.442510261279995
2023-07-01,15.714212217918586,31.995069469686044,28.166602573748136
2023-07-02,14.645537509694439,42.6196262381078,17.563245302971843
2023-07-03,22.412362076215928,29.237635740904384,27.99814968045354
2023-07-04,18.882686073370746,32.232172206162716,23.68999014496816
2023-07-05,23.57000247046046,34.863172077732315,31.90010996975904
2023-07-06,22.366188122867726,31.492872985250866,33.31170236095326
2023-07-07,19.635855436715637,26.428531083595775,43.1269454941303
2023-07-08,15.766031409657975,31.55271994318646,29.05743221249503
2023-07-09,12.425763876570677,38.58905399887818,27.280574216075166
2023-07-10,17.767425239664895,21.787877604711518,26.36069011104135
2023-07-11,24.28199397161736,31.06375739317501,22.527835950325183
2023-07-12,21.07046872065102,24.399033480486615,27.36938690423184
2023-07-13,13.77130610644006,39.56037303139874,22.932190129026793
2023-07-14,20.86590462925591,17.8145047617298,26.1792268338873
2023-07-15,21.926586898644185,25.528625221827294,34.22318274925572
2023-07-16,15.580712818994336,33.01769500051617,17.954202043042514
2023-07-17,20.76862552972764,42.52419223387472,32.97914992790332
2023-07-18,20.29104359223,29.4739979114161,34.21980547137906
2023-07-19,14.285148510846884,25.558403786454413,24.17352031106245
2023-07-20,21.788936801741418,45.04925655552472,10.147015706939838
2023-07-21,22.80392263184117,18.415888796670046,20.745246090338973
2023-07-22,25.415256215876383,12.409552347039345,34.07896182592776
2023-07-23,25.269010260174515,33.52011560042666,24.839923563907824
2023-07-24,13.111653160214544,25.98356620517911,18.004884373935624
2023-07-25,15.310874800424386,21.830137462954294,21.466575551402478
2023-07-26,22.5751763360433,35.66685157839483,30.884340185531872
2023-07-27,22.568929754561044,31.95040571016959,28.827134977409656
2023-07-28,22.575238431530238,25.487370954106172,23.32747530581214
2023-07-29,39.26365745327361,19.757564810632843,22.432229117297187
2023-07-30,22.854452553465833,36.97965862624116,22.257692956693248
2023-07-31,25.677828200902994,35.20160942366929,18.543128708510483
2023-08-01,24.770008817466014,29.206593089764937,36.30762982628609
2023-08-02,23.25695625652899,44.77309596838133,22.74375671552062
2023-08-03,18.42365377679827,21.43932186939078,33.520109645778476
2023-08-04,23.794846102466337,17.79579863260209,35.64921236345716
2023-08-05,16.13587392731214,24.464735440950044,31.98817628703572
2023-08-06,18.815906966299956,29.635311869156016,21.97865781097366
2023-08-07,17.573182260854484,31.946715594581534,27.826110632356265
2023-08-08,20.409370696931614,28.070111537149362,24.830630755263588
2023-08-09,31.573292833367542,32.816443172114376,18.674086974889104
2023-08-10,10.66367403704126,19.98768460647645,27.27051497205122
2023-08-11,23.43130095187257,41.55011683258608,16.746721461881382
2023-08-12,11.936420644051742,29.34279057285945,33.31375571923095
2023-08-13,17.640340671052833,38.93836665270502,21.747678918911248
2023-08-14,25.444752984836832,32.74180277102163,26.408117591109875
2023-08-15,20.321400095477316,33.65402575323027,26.983015100822996
2023-08-16,14.611276110353469,34.558138241857634,23.18766518407146
2023-08-17,16.42348145370016,33.58166848013852,29.106856610326922
2023-08-18,23.39798874467338,35.14178207894035,21.67567440364233
2023-08-19,16.34816684141432,40.63322024105945,31.09908108220071
2023-08-20,21.082292947909874,31.57216935761176,15.578142238272761
2023-08-21,20.22785919951907,35.672030060708096,25.88465705682488
2023-08-22,16.741998261970913,29.282114445702184,38.572502993407994
2023-08-23,30.719720446626628,41.52093772359578,17.997680727760976
2023-08-24,23.169595111590056,24.58886158352584,20.25578520632604
2023-08-25,9.874287066711965,44.40752346328652,28.597354947612406
2023-08-26,20.93227157384714,29.678736394845252,26.257072473577185
2023-08-27,16.69106767615806,18.553799183055617,27.454410694914912
2023-08-28,24.26216667398112,31.024835319286314,28.424309911033646
2023-08-29,16.037396307836495,24.551586740200953,29.44305027993239
2023-08-30,19.426317792665504,36.72514839190979,32.76789889369356
2023-08-31,22.524936394902287,24.779008165580873,27.86873059849959
2023-09-01,24.328775970850607,26.430532534281763,23.311196417670203
2023-09-02,13.998517964721119,14.883674152435752,29.70801590841912
2023-09-03,18.327493820795258,26.381549446007387,38.29917354426651
2023-09-04,17.62527344419522,10.608965386968347,24.071563775321984
2023-09-05,16.73335383713144,17.328777412114214,18.17829486730551
2023-09-06,28.827271201405484,36.083317249154376,32.74956468500881
2023-09-07,22.024908554804778,36.28640126920666,24.157331852324813
2023-09-08,13.695580228324774,33.40366049427972,9.791313177901747
2023-09-09,24.58930973527388,22.264190854966294,30.931951740052952
2023-09-10,30.610780985063165,29.61830915086416,21.25270269832254
2023-09-11,25.162326302755734,29.971179687275452,24.366267023870876
2023-09-12,12.403150170229933,20.733082486459658,27.323862313983103
2023-09-13,17.578829635668743,42.027186414137205,26.333497758453465
2023-09-14,26.334555745933113,37.018898324605374,29.966162719973276
2023-09-15,16.461652671906094,28.23228660936269,21.951595406011098
2023-09-16,22.219097140731144,30.215086711956246,28.59174058723258
2023-09-17,23.873170267146683,31.66706246358042,23.18317325691258
2023-09-18,15.365347642109585,13.666121052605675,30.17167336621252
2023-09-19,19.702373219691,28.022580939835226,29.307572388091373
2023-09-20,5.0,24.54412601601761,18.451929085687834
2023-09-21,14.878061793328552,21.987039920840676,32.60187481322522
2023-09-22,18.7371592430342,27.75119765691236,21.248255884201665
2023-09-23,13.761084090175753,44.38149221479618,30.656404587968016
2023-09-24,28.162056519658176,35.12674289013608,27.571011193809383
2023-09-25,12.849293110196836,25.430568081737626,37.86728573756586
2023-09-26,17.799777566515083,34.58066225084927,23.435738123397034
2023-09-27,20.653702886430455,41.194843492688015,22.55478242717262
2023-09-28,27.206366445330577,37.39706946330215,24.86406275878587
2023-09-29,12.820689244102804,30.477042959361395,22.877741520160072
2023-09-30,25.815818760774796,24.82450577835541,30.59959331359435
2023-10-01,20.051165305097935,35.58578650890872,13.685825740943885
2023-10-02,15.092456744760245,33.147883083374,17.62422306597552
2023-10-03,22.310517371316354,37.161545760221856,17.525379548945647
2023-10-04,20.99529847786735,35.081374413455755,31.65215314381503
2023-10-05,16.998915614206027,38.39642172255468,36.97429360807348
2023-10-06,20.349010424950094,25.718118307515457,24.2688554702377
2023-10-07,18.0734320156912,40.539152525074606,23.818247937669927
2023-10-08,20.56758672625624,31.580796837539197,25.49036514179227
2023-10-09,23.310653372605234,46.602086981002124,33.13314811825733
2023-10-10,27.93008408072676,24.486497455283455,18.50852806066598
2023-10-11,13.810922505865754,43.887710425322,26.668582879143496
2023-10-12,30.665166873281333,31.583286267701183,31.826383408477007
2023-10-13,10.239561002387491,24.788655971084413,28.507659189578916
2023-10-14,19.241074524822082,26.128913327565428,26.327071316191205
2023-10-15,22.941586032422883,27.437221534445438,32.007322647969985
2023-10-16,21.404959338675162,33.39332757121533,8.0
2023-10-17,16.88650240089703,34.182683904284,29.745127236716353
2023-10-18,18.959388748213623,25.41039996849137,20.421470218108034
2023-10-19,17.534995326705836,29.80516326191214,12.185569722004802
2023-10-20,17.053176215278942,47.13816286889491,28.578418196674864
2023-10-21,24.248010485105123,43.82034536080569,34.615609816140704
2023-10-22,21.785077429825236,33.49058935739226,24.037860397606156
2023-10-23,16.535452023696728,30.304027825345603,31.670121830420573
2023-10-24,24.497999377166252,30.96025061374609,36.285947805920514
2023-10-25,21.536497604383047,34.908143781843336,34.204401175088336
2023-10-26,24.0643105941948,21.817659478412757,36.47975170559975
2023-10-27,23.14814420961806,27.94098770061324,30.194892437503245
2023-10-28,15.855024945389639,16.651327408979284,25.52803547231115
2023-10-29,17.199094799015153,33.19378498084223,13.78623931671982
2023-10-30,23.736468025616308,35.17756751762193,23.27756258309036
2023-10-31,23.051851327167324,26.13450830160501,19.09727383278666
2023-11-01,19.89549203017926,42.59189410632026,40.1965990224847
2023-11-02,20.58663691654391,20.193874695981272,23.768799312973645
2023-11-03,26.388324478942124,18.28500095832144,25.8624336474914
2023-11-04,17.04214305582085,31.795614548479776,28.860397632283274
2023-11-05,22.735486905850188,38.37678642089723,25.305217124607175
2023-11-06,18.98903673783053,43.47142153166295,36.86535728301527
2023-11-07,18.9115939838639,26.328925897048478,20.641454467858836
2023-11-08,25.49388425993595,38.62944666745037,26.362252186660697
2023-11-09,24.12708174494015,29.69193224399434,19.80270590011366
2023-11-10,24.067548180003193,28.618981600473443,15.75984242145506
2023-11-11,26.527394035771646,37.069279499893376,20.717616363663
2023-11-12,20.105019208163796,35.21858302730736,24.740742420661118
2023-11-13,23.40976485647482,17.388862744126005,21.99488442837918
2023-11-14,18.44866621703272,41.81232279780717,20.15305314088301
2023-11-15,21.62083176244221,41.04073083317961,15.155777754297162
2023-11-16,19.349284728161578,24.995498387923764,24.418260991599137
2023-11-17,20.48497982496359,33.16642826749927,14.466957381782985
2023-11-18,22.97578512718457,33.95224149026191,30.32039174582722
2023-11-19,15.908896583832638,32.08539012659126,25.577078270541524
2023-11-20,30.461936378427303,25.597558769236638,14.797139503745486
2023-11-21,14.96991309250149,24.62701305649559,22.835536460650957
2023-11-22,13.92905693606134,29.795567432068438,19.734905160865917
2023-11-23,25.790554367500338,39.381832154074914,27.234221572934263
2023-11-24,23.95831346981468,34.348801236755456,34.383153122162014
2023-11-25,23.120599085260775,27.035085343311152,11.873792712479787
2023-11-26,23.1417275463214,36.173589685186755,25.80518255403192
2023-11-27,19.938766135765427,10.0,23.87907043103352
2023-11-28,15.513728142570843,39.19012560297683,29.69938053515326
2023-11-29,20.37902279096863,16.0822897697752,26.492376397663826
2023-11-30,16.61419144243944,27.100472468774942,19.736214677828265
2023-12-01,24.875598667088756,21.04264084299085,22.766622450333674
2023-12-02,19.264713092489306,19.642548194232752,19.42781900237558
2023-12-03,15.872514016037442,39.28661429902816,32.53204997019019
2023-12-04,18.393070791735035,26.258390389504868,25.149181540703594
2023-12-05,22.06465727137812,32.77203105384572,38.308334800271055
2023-12-06,17.181377235980126,29.624635368966526,24.575374303297654
2023-12-07,15.888898022167844,33.81632661778497,20.04115263162676
2023-12-08,21.218436057459563,30.61457512848204,14.40399925171021
2023-12-09,21.224832855543614,19.736062206491443,12.378022266208385
2023-12-10,17.46528412314435,37.97013455557712,13.911048398961572
2023-12-11,17.644808471908387,26.0499473347095,26.869886557080385
2023-12-12,21.16024968678818,17.54734481072199,28.561075162609537
2023-12-13,12.759578292513378,26.5750787122727,13.931665085775066
2023-12-14,12.962681128117223,42.00607832507448,31.26526819853281
2023-12-15,16.40777889373782,36.80177393690794,21.618572638215923
2023-12-16,18.932764241440765,27.210782924737128,26.027551083898846
2023-12-17,21.554537827990025,27.20593836545257,36.28554439778797
2023-12-18,27.376781084747762,27.42691959026094,31.277875211058724
2023-12-19,24.288298116010097,46.61398386848673,23.120285464659172
2023-12-20,19.200307350182864,33.055483617852424,18.761654422092988
2023-12-21,19.904918960486555,33.44033317752856,9.937292190694865
2023-12-22,14.987353176810956,38.24226763225474,19.96592676530306
2023-12-23,19.90743432003805,31.910313272212107,23.522088328206138
2023-12-24,18.55670680539931,27.927662833434376,18.089743309941714
2023-12-25,21.613592801690448,28.429201207320173,24.081201230353866
2023-12-26,15.863845282238385,29.42718992468749,25.537963180711376
2023-12-27,22.596732571205862,29.702222107921266,23.42600812734345
2023-12-28,27.66369456501289,35.82103634909584,20.44998193423578
2023-12-29,19.456199257715713,30.415567086458395,26.180582703767094
2023-12-30,22.008558610494706,35.86112061772464,28.093584546985863
2023-12-31,23.450719958555563,29.35426735913134,17.367206457900078
2024-01-01,17.993897640570818,30.629081522528725,34.87652665822389
2024-01-02,21.120462409052084,14.014394523743139,24.309883074010166
2024-01-03,20.062962003908975,37.33062139761985,25.131947360613935
2024-01-04,20.48838049274416,32.77190780718394,29.9575009627959
2024-01-05,16.13495108072267,37.984080878877215,26.63251291884451
2024-01-06,20.122550871294713,10.0,31.671956437392716
2024-01-07,22.489991456227248,46.706997638245824,27.00986915641277
2024-01-08,27.25571803897521,28.88328297475861,20.712938377516934
2024-01-09,24.796354130426035,38.86546253390013,27.53052467644271
2024-01-10,30.765912287557782,21.68075258299575,16.993916548755365
2024-01-11,16.163262185559752,34.90219124050056,25.759917940435663
2024-01-12,24.361603183603393,21.57267549461075,24.767390065488776
2024-01-13,20.91671002869176,25.009848314433558,23.543181999092223
2024-01-14,30.94901466608836,45.31225083093429,24.100237419927485
2024-01-15,15.958508573224243,28.474540793893226,11.827056681516526
2024-01-16,15.80139078909612,31.739462985437783,21.15892564581327
2024-01-17,17.00303677277989,36.960541845510036,25.649914307987803
2024-01-18,9.380521378450965,33.96545510378084,26.1189947439818
2024-01-19,17.371224891596196,31.20335124114861,17.806274013518294
2024-01-20,16.20433669223151,32.919688019729804,33.859954886052904
2024-01-21,20.75196893238104,49.2273246819062,18.936776062498495
2024-01-22,21.708779878885796,29.539049623731316,31.786200403687157
2024-01-23,29.380854196079433,31.60879237371974,27.990360533101793
2024-01-24,24.75211919093025,38.4052351680609,20.47640883109338
2024-01-25,17.115481721687985,38.84420746366387,37.42717624826658
2024-01-26,15.50792664325821,39.496242444483045,16.64454217770464
2024-01-27,22.459595857532527,35.10984177623348,31.43407921527001
2024-01-28,13.398833964896788,20.85596069815613,32.004076226300846
2024-01-29,29.15729382927177,43.067452258408764,20.305658536463486
2024-01-30,25.897200603606436,20.829236855850496,34.7472571004503
2024-01-31,17.654121739476476,32.42108372191227,23.24967439780733
2024-02-01,11.434327354545612,23.965793199845137,27.020855404959
2024-02-02,26.769361870827062,29.48689322725606,26.822252871398547
2024-02-03,19.42730077373691,32.63009928242784,24.059838809706164
2024-02-04,26.189081559867308,32.57085772360219,30.675657912118474
2024-02-05,12.027861706028165,33.37536603388228,30.55442104386549
2024-02-06,17.003124885231134,42.909690152469175,12.760276187332735
2024-02-07,20.026218498590914,33.628274412111836,34.13038170014707
2024-02-08,20.23490296882371,28.04674691767481,13.36255608375028
2024-02-09,17.74967264260378,37.71269734630686,32.2278234303916
2024-02-10,23.114249661737492,39.51576391139712,32.886935957793085
2024-02-11,14.661897853087028,20.17913747890406,17.363234988493613
2024-02-12,19.288102574893532,34.77920055879886,22.124299984317908
2024-02-13,20.601478158559495,35.60938193848719,17.260067320598452
2024-02-14,22.572194170293745,27.619491973120063,23.495552787978852
2024-02-15,23.55807439044445,41.00565450649296,22.84376001069981
2024-02-16,14.376789540810654,28.799555303739787,30.45762372588538
2024-02-17,12.329429146321889,31.004611627772338,34.17216122283726
2024-02-18,26.388384109492545,28.61542540572904,34.769786675529694
2024-02-19,21.661570059897958,30.12463238065174,21.064823813951886
2024-02-20,16.25756731721723,21.229799304838387,23.535446883788307
2024-02-21,27.755759877612615,18.479592939245645,13.215932654453349
2024-02-22,20.578373171464293,42.756040505799774,19.358909534526678
2024-02-23,25.896485920319133,23.224309213453378,31.753961431682203
2024-02-24,20.337592407050543,22.068861204349542,36.30907976483762
2024-02-25,30.303739624409936,12.772879091170282,16.359557896840546
2024-02-26,28.77670421221602,24.88830601848398,20.85275018592974
2024-02-27,18.75517925760463,19.415281652740013,24.81515970128751
2024-02-28,24.85785475477178,43.13612128109095,26.961128111737246
2024-02-29,23.226879747925736,38.07853671474108,19.332775360548478
2024-03-01,26.843157787661745,24.494797238578208,27.96842731124863
2024-03-02,15.175382697099478,48.01948644275447,21.683124570503587
2024-03-03,23.430257299992196,37.85412389593275,24.898834103852046
2024-03-04,25.29212243424794,27.40134893193102,28.823989736025897
2024-03-05,11.206302567884428,10.004754281011415,25.044955888676565
2024-03-06,14.083707436671125,48.32754058072594,21.945298766314018
2024-03-07,9.803839111199498,18.883420265891232,24.232731372519183
2024-03-08,18.652965827777212,16.836810024344864,24.381459285562652
2024-03-09,23.58771127897981,38.180563456077124,22.409922790825107
2024-03-10,27.51178526048014,49.51801925071418,23.188427561330283
2024-03-11,20.370473902098876,41.074182548084146,36.19053019353302
2024-03-12,28.143077727856458,34.51127296041888,28.92643613558867
2024-03-13,13.099492708925542,34.75803473332229,22.931637773795877
2024-03-14,11.483087803224226,36.82732447024246,29.87868083157515
2024-03-15,19.722261505516904,36.07142871829412,22.66326357170793
2024-03-16,21.920327244696537,32.249531391755006,33.21187246310649
2024-03-17,19.836526259529535,30.83360883161501,27.587495345386657
2024-03-18,9.662789499800617,29.499254976803822,24.2488849919704
2024-03-19,19.55439980243606,23.96828328906659,28.134018480671944
2024-03-20,13.477652497475734,27.75459938506581,14.003866935520506
2024-03-21,23.348362744150194,16.456345486436916,17.112627717631362
2024-03-22,21.83299123048424,29.213282985642,16.64252495520661
2024-03-23,15.300601068363225,22.09127114279266,26.000601663345947
2024-03-24,17.430665413316532,21.171285462273833,37.12760499639565
2024-03-25,14.703932390555241,31.43915320922783,40.61910102334843
2024-03-26,19.68660451363414,41.136018290756795,29.4663577100853
2024-03-27,24.775711602506192,37.346532848018505,28.505911324611198
2024-03-28,15.071369768322281,17.435995171014582,12.392595860930827
2024-03-29,22.520232577589223,22.0829749074373,21.201283401861847
2024-03-30,17.348711908137794,37.52616950390573,19.48551373664233
2024-03-31,16.03563583868828,22.140100851693525,20.65406681224219
2024-04-01,19.464848200227213,28.202934800023804,23.822993269906473
2024-04-02,14.823788387903129,34.40041679219642,21.695365956120106
2024-04-03,17.23175347326409,22.253244361090918,11.144901327369485
2024-04-04,14.010610537055758,30.84300404916768,30.235371792822736
2024-04-05,29.823625664581947,19.327796040654363,17.490798819821354
2024-04-06,20.176317759858645,25.18905884839029,26.674728048778046
2024-04-07,16.50137246003707,32.55825547314029,39.51857868824982
2024-04-08,21.06989955367111,17.256050131746647,18.564307858895035
2024-04-09,19.43835975154585,33.52379790368319,8.0
2024-04-10,18.895152002333884,29.84289760858655,22.997970446839226
2024-04-11,23.070833500217127,34.41991963533718,32.70671744499
2024-04-12,23.787538550236526,31.79131307251729,38.70843217954416
2024-04-13,17.34749426194736,40.91312343979075,16.393152838833082
2024-04-14,17.1209087967766,31.001796021183257,28.47689456265565
2024-04-15,18.62474151424178,26.564755670997975,21.742826802539625
2024-04-16,8.490394176322075,30.97838002425827,24.258361519871052
2024-04-17,12.42404468900724,34.3463842322911,43.51040342911924
2024-04-18,26.834371337222624,30.390880562605634,14.479207701233928
2024-04-19,28.224838567506417,30.324733529631057,26.776177630462016
2024-04-20,18.75481980221811,24.38406649754596,28.273852202358032
2024-04-21,22.882784815278832,24.696792659592415,32.60050427457543
2024-04-22,21.556250772717682,18.779157825602454,25.685882074296266
2024-04-23,35.39440404227619,43.99661394549551,27.156353776528718
2024-04-24,25.597874557172883,20.049094116869718,22.258460028047462
2024-04-25,19.360412042596167,24.45675841763274,26.883888588715752
2024-04-26,15.222297796997871,24.25274187544642,22.597654071518125
2024-04-27,11.967768398712138,37.15939501555553,29.351003228992354
2024-04-28,21.017318179336115,27.640402573663778,22.412727647694563
2024-04-29,16.218246273578483,39.981936581389874,27.639702757315305
2024-04-30,12.88873145201163,24.612075006049054,24.79516030420515
2024-05-01,16.767135578787368,32.23195329779042,32.882351755405175
2024-05-02,14.592259981928025,23.317223573921943,24.640243934880598
2024-05-03,28.435708175362823,47.161193022187106,12.58877272255183
2024-05-04,24.408198784747253,20.499212647763898,33.83345050499794
2024-05-05,19.960136793416915,32.47856568181622,18.659873893961667
2024-05-06,27.39972069445013,35.070215047456784,20.42363562945826
2024-05-07,20.38684153823809,33.31039277961199,20.830370941695556
2024-05-08,15.693578993358681,28.517698728978335,34.62106665219572
2024-05-09,27.615620386348287,28.96143440213259,10.050280502149132
2024-05-10,22.694550218423295,30.350491775832875,46.964239735619955
2024-05-11,14.813769228367718,28.82398398697209,32.39239766346236
2024-05-12,19.04830660958196,37.71103293435928,26.562672398904116
2024-05-13,15.621908733076214,47.68418401273081,24.615741995685994
2024-05-14,13.08600134517832,25.54006571993733,26.998878524003597
2024-05-15,24.630887737658206,19.041576163367377,28.647856998655367
2024-05-16,29.547083202350652,29.29374361318996,29.5165091016504
2024-05-17,13.007162130904295,50.637674701234545,28.88923126202414
2024-05-18,22.814846183452854,23.570603456242154,25.62706476878674
2024-05-19,16.746787154390866,43.11293444355254,23.618631057848717
2024-05-20,17.56437308117652,43.421606512611525,23.941087014425417
2024-05-21,17.038030378805654,25.571294066336044,23.635642037531234
2024-05-22,15.68004615160092,34.551864633482204,32.93639067806945
2024-05-23,20.242608139724133,43.0271729850283,29.154897055966032
2024-05-24,15.84524941794481,26.966978072100105,8.0
2024-05-25,21.352284128899193,28.371357119181106,29.59130543570833
2024-05-26,19.748809452754315,25.34655268841085,26.363153363031422
2024-05-27,18.80525976566795,21.881946154457065,24.86903870487872
2024-05-28,15.462181689792011,24.805779639471943,22.280370828377798
2024-05-29,17.116143347158335,20.208477865901948,32.8687890399021
2024-05-30,23.77695612912878,30.272667746073807,31.632685234860006
2024-05-31,22.504585938121902,23.840214151530866,19.589856325234734
2024-06-01,15.112223776007244,31.870287294325983,27.849366009871744
2024-06-02,20.49666152714613,17.552834830370983,18.198402858210997
2024-06-03,23.756935616858947,32.64704185771566,15.342672846477486
2024-06-04,11.652973594393142,36.668231692871395,20.612979427870243
2024-06-05,22.716800961899676,14.050114859428357,31.036754306679313
2024-06-06,16.686881205270765,32.99245255878058,31.671875317632605
2024-06-07,22.852993342965796,39.82135193978634,28.59159794068105
2024-06-08,16.183704217287417,20.322871850470356,30.075670507935982
2024-06-09,10.975589496677404,43.38057909470163,28.613248009804707
2024-06-10,11.862287810584187,33.35215207492836,20.509628833439336
2024-06-11,20.24042473330691,24.35990515393273,28.023457812717584
2024-06-12,21.29861250860741,29.55384737873835,30.602866676593777
2024-06-13,15.478416874477958,34.46661530017378,30.28003930869502
2024-06-14,23.19296229388687,30.608043131299294,33.3223936003225
2024-06-15,11.6923996886552,34.31004793957095,29.958126930407445
2024-06-16,19.66960100676342,22.63461125536507,27.46013745279108
2024-06-17,13.944919001187717,31.354886592288622,32.49105166821499
2024-06-18,16.740819460989204,18.69028402476016,24.81435118525658
2024-06-19,20.23699335658207,29.1101915092104,18.826877441405976
2024-06-20,15.697933173580239,22.76873886828168,23.858531252393654
2024-06-21,18.077222278850872,24.115760459281866,19.785681486354857
2024-06-22,25.0314640460722,39.8887454016835,20.27375207517933
2024-06-23,17.115540652384254,38.73048096475415,23.988369304991377
2024-06-24,24.17846056032571,34.87310496725742,19.45306055300027
2024-06-25,14.35146572671191,21.261497882619366,22.844269292526718
2024-06-26,22.649020889576413,27.468732402441585,11.7446973313235
2024-06-27,27.207843103289502,39.70478159983347,26.49305595161057
2024-06-28,7.6417774993635526,31.13373530911924,25.00843832753557
2024-06-29,16.015523722647615,48.55463631985356,19.280379582522666
2024-06-30,22.8853606359027,33.14654271515497,29.614719679026834
2024-07-01,18.984773069785035,31.536392931920254,31.562990963385907
2024-07-02,21.855729366856544,27.52706828637999,13.747080949417182
2024-07-03,16.980074066420897,31.06832723825826,19.6609265500365
2024-07-04,20.4329489373645,28.78024130895565,19.616003551488912
2024-07-05,19.221613823039604,35.664869413508725,18.420678292237948
2024-07-06,25.838910308299035,37.653618534356674,30.80632389352224
2024-07-07,21.272104216506065,23.712084315936405,23.643217028590374
2024-07-08,21.68801331037601,19.350136371537776,23.148396110825725
2024-07-09,17.940615169387662,15.310357015173627,10.972963449152726
2024-07-10,17.561968879637533,34.06393061530035,29.447926211464583
2024-07-11,17.837209060901895,21.17306715060901,16.32519123602569
2024-07-12,21.972260711891483,12.776875256380137,25.4195284118643
2024-07-13,17.895077595898684,33.10862883624771,26.941638565707343
2024-07-14,21.448874284482066,49.94399613946233,34.52461017087056
2024-07-15,30.377003993227195,29.951432707680855,15.838257206166215
2024-07-16,24.355623517158463,36.70792619561313,8.0
2024-07-17,18.369882339160796,30.65463486838052,26.286946813275865
2024-07-18,26.006069610819722,29.208882774470858,37.60357827057598
2024-07-19,17.959623134892244,37.35261186390215,33.67262447057606
2024-07-20,9.80937732411073,27.67780364649079,26.46761590692238
2024-07-21,14.95956844541298,32.13913851257522,21.55854670057567
2024-07-22,10.646040394870722,32.57358244956811,30.649858176461173
2024-07-23,18.24243257979346,24.65527637085561,18.18517660206872
2024-07-24,20.092091895947757,37.93633879629218,28.334504385493535
2024-07-25,28.382186561376415,28.60032194643673,28.538291114166388
2024-07-26,21.634636868820813,23.95403872405724,32.42146935249216
2024-07-27,18.90449735595568,34.29207874856323,44.31762027237754
2024-07-28,24.147027905917447,22.812256145671704,27.74691177025137
2024-07-29,8.944323454960575,30.225449258953027,21.437254620047508
2024-07-30,21.178072790542828,29.92704802684637,24.820979814656038
2024-07-31,23.854325969434832,38.68716452665262,12.616468665776171
2024-08-01,12.607068771100792,33.79758586303962,20.137008082376592
2024-08-02,25.718770216034645,29.79978433003885,22.135022933208273
2024-08-03,21.69248203747207,36.5421303936023,21.331381214457853
2024-08-04,17.923560430495993,41.12166039213851,26.066484104236054
2024-08-05,23.163909330531425,34.462482450814896,19.243060473324597
2024-08-06,31.35346428902198,30.082820958747046,32.8472146712713
2024-08-07,20.909331275292477,19.505310141198724,25.00144945442738
2024-08-08,21.24110293150168,21.47909069539702,24.9348977520297
2024-08-09,17.70319550229878,27.558202365162657,22.704736984409575
2024-08-10,15.750778152676041,25.123902382725735,26.086334787012852
2024-08-11,24.151679082721227,28.504229576116433,30.775687852673443
2024-08-12,15.719580870455664,30.453199399176857,18.9300884900237
2024-08-13,20.357831186096963,34.237542034853846,20.393184576473203
2024-08-14,17.611712766174417,29.43600977552727,22.873917798563348
2024-08-15,22.39489912873196,33.892013150609614,15.578903535687495
2024-08-16,21.66831052643474,30.51579531848096,19.265194981949517
2024-08-17,25.187699721289498,14.19626746916903,21.666453885187387
2024-08-18,17.449918005726264,22.485316849449966,31.120724264989093
2024-08-19,18.650625323533145,28.847299554227078,26.837929303013475
2024-08-20,15.106181421088463,20.32244205727114,26.355129379572812
2024-08-21,17.77853369961944,34.79942983996963,30.956285735175804
2024-08-22,21.88650246522426,42.24600665874958,24.038397481204225
2024-08-23,23.78494308322676,39.750094813578535,27.733253949502227
2024-08-24,15.389173379111874,28.292457032558335,24.277447729472527
2024-08-25,24.3480296005283,41.92580909479962,26.8575364457974
2024-08-26,26.778189294024756,31.18933965761689,20.920689396718927
2024-08-27,22.067174516118506,27.303312231055685,8.0
2024-08-28,29.38397906279033,25.092778691672482,24.060045864695873
2024-08-29,16.131054004482134,27.580242508094972,34.959236952699584
2024-08-30,13.776726483442914,26.89458545167017,31.483507815691148
2024-08-31,11.106398755478606,31.3633297790039,31.757782392138196
2024-09-01,27.480221557445915,31.284591848398918,33.65291505264352
2024-09-02,23.27182828177029,30.024368161227315,25.62060313673006
2024-09-03,19.722076645447725,33.4955053579708,26.381209951839168
2024-09-04,21.399843131599102,39.52517019829073,20.676436731959548
2024-09-05,14.372554763508116,37.59643308353059,22.787490007810653
2024-09-06,32.228759898084135,18.120816252400772,29.310398048397992
2024-09-07,20.646105909876137,10.0,33.42719106018171
2024-09-08,20.546973973024464,37.47455928991419,24.023876070233005
2024-09-09,23.62883311949346,19.06497041267663,21.84867514604012
2024-09-10,22.405046158683568,28.20187678485853,25.00369571199618
2024-09-11,21.119420121395656,20.639095791525122,29.208447242503805
2024-09-12,16.04762772277344,15.584156499359842,14.893016287065207
2024-09-13,22.357341785679978,34.331701825638305,8.926733328039333
2024-09-14,29.41012248237517,36.07324128242117,21.146242053558915
2024-09-15,26.727100230774887,25.387916794186246,16.455013018600887
2024-09-16,27.965933133196984,10.0,21.443018616468823
2024-09-17,17.443921617844076,25.630044413980137,23.9655377682777
2024-09-18,15.051975898707095,33.13443204322037,21.827261136838906
2024-09-19,19.37106539950176,18.16870744980697,35.16727274129522
2024-09-20,20.278624561443472,31.466879358233246,27.28721335221624
2024-09-21,25.470957592354743,29.877521206616034,27.103320517275797
2024-09-22,11.537676851425903,34.634331996808704,29.355450008303812
2024-09-23,27.64775159730307,30.956642947313227,17.028168175534617
2024-09-24,19.209960507105052,22.215448472947557,32.27378251194188
2024-09-25,17.8655946502629,39.572572013315934,24.469649994251782
2024-09-26,14.939478123699162,28.73176341578424,29.693364320688488
2024-09-27,11.725716640671154,29.781563683920545,17.49699936871891
2024-09-28,24.115852919809573,22.533856327414433,14.12368863788755
2024-09-29,20.36658983594202,26.45374199046792,30.725227606175203
2024-09-30,13.55019550129473,22.921578287784794,27.634866682682617
2024-10-01,13.52460613968192,28.616431520612615,18.685639119497427
2024-10-02,18.32107650354936,43.69366784113875,18.912358431077138
2024-10-03,28.345107626446964,19.02479085654915,32.87804349090339
2024-10-04,18.702043243181976,17.09150881698607,16.674116749928707
2024-10-05,12.48428523440947,41.769362619948865,36.498710672791745
2024-10-06,18.77128467957028,28.32541058278507,18.69565485746492
2024-10-07,18.636382151261646,24.647418090720667,29.46874347925868
2024-10-08,6.515566785292142,38.31923749916861,22.699670669757108
2024-10-09,19.72852566741094,25.155075682105085,29.2223120175764
2024-10-10,18.84532734895661,44.60807770837549,21.191201985200653
2024-10-11,23.48103182406709,35.423406970714154,23.86044965749394
2024-10-12,29.244780474726724,26.09670873483438,25.286434227770048
2024-10-13,25.632825147738785,47.25846570612403,17.98468780952969
2024-10-14,18.655556547225846,25.154280615973292,30.18577041794088
2024-10-15,14.467370456291649,35.936762976074455,21.407505034698904
2024-10-16,32.8667990162493,32.39434064325194,23.39980059261987
2024-10-17,20.29609217007244,40.413930315190385,18.039554377740416
2024-10-18,20.06964645956473,42.49208957381482,8.0
2024-10-19,19.879374564449982,30.256033192526132,23.662805661798817
2024-10-20,20.990423803839274,23.972657037230533,41.888307951290415
2024-10-21,19.278197940380288,33.67977714351293,30.492230015286168
2024-10-22,17.131689965598817,24.57827704198315,24.865177341859237
2024-10-23,17.26570529379804,46.107097980212984,23.159764195542127
2024-10-24,19.836233648920008,31.0922826486619,25.157261249684325
2024-10-25,17.282876144331176,27.07742758950313,28.829833806226468
2024-10-26,16.435771086614178,31.477442446919266,16.734310292838085
2024-10-27,20.532151138459483,19.222989683762428,32.8002518626821
2024-10-28,18.725113912895722,22.22708769191479,30.007669208088707
2024-10-29,27.519964942913443,39.603311263555405,30.02730007995554
2024-10-30,6.745150958034941,24.744845768228835,28.069330171668092
2024-10-31,25.45753425961231,21.62471213854448,25.13731660385793
2024-11-01,26.230425962488145,34.29322202021829,29.71002865176774
2024-11-02,9.633048837959253,39.48563323730397,29.142698936189646
2024-11-03,18.286562029598258,35.751626485320536,22.521715023412835
2024-11-04,18.142795670021044,37.96838148644653,20.984787589721694
2024-11-05,12.962441526410894,23.945639291444316,25.712994066833907
2024-11-06,16.110916562045624,18.62551466606525,35.84314106046631
2024-11-07,14.447120772670857,42.010669215643894,16.326250470422693
2024-11-08,28.761352217118116,27.418561289262914,14.72732313973292
2024-11-09,24.678391965737305,27.993335868359623,26.153325888655615
2024-11-10,26.357775474970794,40.62555313479246,25.356213912992125
2024-11-11,23.608360320216175,34.44984007520528,26.213391650592857
2024-11-12,14.354741143913854,33.64710217665286,26.7076723853595
2024-11-13,17.37739866860113,47.32001875920867,23.437584217556363
2024-11-14,22.44687280613959,24.851854156958858,35.42904407021457
2024-11-15,13.889360955540273,37.422721024649896,13.793672150664392
2024-11-16,23.56499215086194,30.456104999176677,19.200520826538277
2024-11-17,18.798373009209325,32.148738230906055,24.27721667895667
2024-11-18,18.125895962252013,42.22774741130026,13.49767832192083
2024-11-19,23.554799841017456,34.06268605031699,23.7690191689755
2024-11-20,22.2213165574302,34.30636863239707,36.63029116009613
2024-11-21,18.1951691709046,38.58005869847842,25.146205418071734
2024-11-22,25.79664901682124,27.080378163656917,26.614906340030785
2024-11-23,14.594683362000513,23.286322661287947,16.17884664379194
2024-11-24,23.07967803472132,21.64152644783173,20.685470143723656
2024-11-25,22.96550628984192,14.269147284991986,22.37362533773244
2024-11-26,18.452267803430047,46.44965703952258,22.77599432270636
2024-11-27,21.63066511121059,21.174333074226535,33.97150656502638
2024-11-28,13.744432118073485,28.229971011313825,28.90383742507587
2024-11-29,24.620135096034506,27.785493600888636,17.21979430144078
2024-11-30,19.075489317785056,32.459253582472805,26.725533449024034
2024-12-01,17.386384897404803,36.525897700314374,28.487552239477495
2024-12-02,25.245046129184445,36.88378790687796,32.981043269648865
2024-12-03,16.478281547286205,25.335380491448493,36.063784805978614
2024-12-04,12.957693518182202,28.663026289708707,17.89434065720492
2024-12-05,12.216854132380481,32.2606396039064,19.323997421527633
2024-12-06,23.030049756728197,28.010470990531623,16.196954987597685
2024-12-07,13.597853237518585,42.858764608159944,23.36186098625113
2024-12-08,28.77397090992182,33.92779961310601,28.264508621124342
2024-12-09,9.59035296058139,35.87902228839854,31.911341616123714
2024-12-10,28.48228184145019,35.3030501493393,24.46834283450234
2024-12-11,21.05508733601309,39.3877908598826,22.761067337216094
2024-12-12,19.516434440648037,31.448172469629654,26.062305945741183
2024-12-13,17.275404565955252,19.62534441635323,19.15399968858984
2024-12-14,21.995680571760353,33.19750361402113,39.626771051863415
2024-12-15,19.81182648787576,24.78914484966537,13.74637281017359
2024-12-16,25.516509410082605,25.771066546001947,26.29318405227007
2024-12-17,20.571138243310198,34.690912150040745,39.16524353460748
2024-12-18,20.75150880730939,39.90626457146909,25.047598911919984
2024-12-19,18.18193893893072,30.170172613888493,23.66972675498954
2024-12-20,19.715271881394663,32.47066410079171,22.49788204032701
2024-12-21,21.539008844460295,43.617719557081905,23.737258227663144
2024-12-22,11.449158036716872,31.926025435908546,34.60993932273571
2024-12-23,13.259072889471435,50.813464913443156,9.516966620693452
2024-12-24,23.716320470113576,34.524077165052354,35.73403590907428
2024-12-25,20.854327190639708,15.913897926753458,15.032299932848984
2024-12-26,19.080083318236603,36.02673296883626,23.133433695359095
2024-12-27,20.092169665326967,33.04926707906222,21.995289057909368
2024-12-28,21.737908526808354,40.318022032661965,29.119872888395037
2024-12-29,17.301201598453193,35.38545081015967,13.813129536813767
2024-12-30,16.108476372988438,28.892352128129808,28.2352086625736
2024-12-31,20.979226275488408,20.205614109685072,39.17016736300797
